case, w, w.grad, b, b.grad, loss
CASE-0-2021-10-31-04:11:24,1.1309348344802856,1335.0506591796875,0.8515983819961548,188.0185089111328,594.5339965820312
CASE-1-2021-10-31-04:11:24,0.9974297881126404,1130.0643310546875,0.8327965140342712,159.10475158691406,426.7180480957031
CASE-2-2021-10-31-04:11:24,0.8844233751296997,956.5528564453125,0.8168860673904419,134.630615234375,306.48077392578125
CASE-3-2021-10-31-04:11:24,0.7887681126594543,809.6835327148438,0.8034229874610901,113.9144287109375,220.33277893066406
CASE-4-2021-10-31-04:11:24,0.7077997922897339,685.3656616210938,0.7920315265655518,96.37916564941406,158.6092071533203
CASE-5-2021-10-31-04:11:24,0.6392632126808167,580.1360473632812,0.7823936343193054,81.536376953125,114.38523864746094
CASE-6-2021-10-31-04:11:24,0.5812495946884155,491.06427001953125,0.7742400169372559,68.97269439697266,82.69954681396484
CASE-7-2021-10-31-04:11:24,0.5321431756019592,415.6691589355469,0.767342746257782,58.33812713623047,59.997276306152344
CASE-8-2021-10-31-04:11:24,0.49057626724243164,351.8507995605469,0.7615089416503906,49.33648681640625,43.73149108886719
CASE-9-2021-10-31-04:11:24,0.45539119839668274,297.8314208984375,0.7565752863883972,41.717041015625,32.07731628417969
CASE-10-2021-10-31-04:11:24,0.4256080687046051,252.1066131591797,0.7524035573005676,35.267555236816406,23.727306365966797
CASE-11-2021-10-31-04:11:24,0.4003974199295044,213.4026641845703,0.7488768100738525,29.808380126953125,17.744653701782227
CASE-12-2021-10-31-04:11:24,0.3790571689605713,180.64161682128906,0.7458959817886353,25.187467575073242,13.458185195922852
CASE-13-2021-10-31-04:11:24,0.36099299788475037,152.910888671875,0.7433772087097168,21.276092529296875,10.386996269226074
CASE-14-2021-10-31-04:11:24,0.3457019031047821,129.43809509277344,0.7412496209144592,17.965312957763672,8.186537742614746
CASE-15-2021-10-31-04:11:24,0.3327580988407135,109.56948852539062,0.7394530773162842,15.162912368774414,6.609945774078369
CASE-16-2021-10-31-04:11:24,0.32180115580558777,92.75163269042969,0.737936794757843,12.790830612182617,5.480342388153076
CASE-17-2021-10-31-04:11:24,0.31252598762512207,78.51611328125,0.7366577386856079,10.78299331665039,4.670998573303223
CASE-18-2021-10-31-04:11:24,0.3046743869781494,66.46641540527344,0.7355794310569763,9.08347225189209,4.0911149978637695
CASE-19-2021-10-31-04:11:24,0.29802775382995605,56.26689147949219,0.7346710562705994,7.644922733306885,3.67563533782959
CASE-20-2021-10-31-04:11:24,0.2924010753631592,47.633487701416016,0.7339065670967102,6.427278518676758,3.377948760986328
CASE-21-2021-10-31-04:11:24,0.28763774037361145,40.32572555541992,0.7332638502120972,5.396618843078613,3.1646602153778076
CASE-22-2021-10-31-04:11:24,0.28360515832901,34.13999557495117,0.7327241897583008,4.524225234985352,3.011837959289551
CASE-23-2021-10-31-04:11:24,0.2801911532878876,28.90406608581543,0.7322717905044556,3.785804510116577,2.9023423194885254
CASE-24-2021-10-31-04:11:24,0.27730074524879456,24.47211265563965,0.7318931818008423,3.160785675048828,2.823887825012207
CASE-25-2021-10-31-04:11:24,0.27485352754592896,20.720664978027344,0.7315770983695984,2.63175368309021,2.767673969268799
CASE-26-2021-10-31-04:11:24,0.27278146147727966,17.54523277282715,0.731313943862915,2.1839706897735596,2.727396011352539
CASE-27-2021-10-31-04:11:24,0.27102693915367126,14.857379913330078,0.731095552444458,1.8049616813659668,2.6985344886779785
CASE-28-2021-10-31-04:11:24,0.2695412039756775,12.582233428955078,0.7309150695800781,1.4841663837432861,2.677854061126709
CASE-29-2021-10-31-04:11:24,0.2682829797267914,10.656435012817383,0.7307666540145874,1.2126476764678955,2.663033962249756
CASE-30-2021-10-31-04:11:24,0.26721733808517456,9.02632999420166,0.7306454181671143,0.9828367233276367,2.6524126529693604
CASE-31-2021-10-31-04:11:24,0.26631471514701843,7.646538257598877,0.7305471301078796,0.7883329391479492,2.644801616668701
CASE-32-2021-10-31-04:11:24,0.26555004715919495,6.478548049926758,0.7304682731628418,0.6237046718597412,2.639346122741699
CASE-33-2021-10-31-04:11:24,0.2649022042751312,5.489958763122559,0.7304059267044067,0.48438119888305664,2.63543438911438
CASE-34-2021-10-31-04:11:24,0.2643532156944275,4.653132438659668,0.7303574681282043,0.36646437644958496,2.632629632949829
CASE-35-2021-10-31-04:11:24,0.2638879120349884,3.944812297821045,0.7303208112716675,0.2666738033294678,2.630617141723633
CASE-36-2021-10-31-04:11:24,0.2634934186935425,3.3452298641204834,0.7302941679954529,0.182220458984375,2.629173755645752
CASE-37-2021-10-31-04:11:24,0.2631588876247406,2.8376877307891846,0.7302759289741516,0.11075019836425781,2.6281368732452393
CASE-38-2021-10-31-04:11:24,0.26287510991096497,2.4081060886383057,0.7302648425102234,0.050275564193725586,2.6273913383483887
CASE-39-2021-10-31-04:11:24,0.2626343071460724,2.0444891452789307,0.7302598357200623,-0.0008940696716308594,2.62685489654541
CASE-40-2021-10-31-04:11:24,0.2624298632144928,1.7366915941238403,0.730259895324707,-0.04419064521789551,2.6264684200286865
CASE-41-2021-10-31-04:11:24,0.2622562050819397,1.476170539855957,0.7302643060684204,-0.08081865310668945,2.6261892318725586
CASE-42-2021-10-31-04:11:24,0.26210859417915344,1.2556425333023071,0.7302724123001099,-0.11180472373962402,2.6259870529174805
CASE-43-2021-10-31-04:11:24,0.2619830369949341,1.0689647197723389,0.7302836179733276,-0.138016939163208,2.6258397102355957
CASE-44-2021-10-31-04:11:24,0.2618761360645294,0.9109577536582947,0.7302974462509155,-0.1601853370666504,2.625731945037842
CASE-45-2021-10-31-04:11:24,0.26178503036499023,0.7771784663200378,0.7303134799003601,-0.17893600463867188,2.625652551651001
CASE-46-2021-10-31-04:11:24,0.2617073059082031,0.6639477014541626,0.7303313612937927,-0.19478821754455566,2.6255927085876465
CASE-47-2021-10-31-04:11:24,0.26164090633392334,0.5681119561195374,0.7303508520126343,-0.20818734169006348,2.6255478858947754
CASE-48-2021-10-31-04:11:24,0.2615841031074524,0.48699063062667847,0.7303716540336609,-0.21951079368591309,2.625513792037964
CASE-49-2021-10-31-04:11:24,0.2615354061126709,0.4183102548122406,0.7303935885429382,-0.2290794849395752,2.6254868507385254
CASE-50-2021-10-31-04:11:24,0.2614935636520386,0.36016565561294556,0.730416476726532,-0.23716163635253906,2.6254653930664062
CASE-51-2021-10-31-04:11:24,0.26145753264427185,0.31092536449432373,0.7304401993751526,-0.243988037109375,2.6254467964172363
CASE-52-2021-10-31-04:11:24,0.2614264488220215,0.2693031132221222,0.7304645776748657,-0.2497406005859375,2.625432252883911
CASE-53-2021-10-31-04:11:24,0.261399507522583,0.23401892185211182,0.7304895520210266,-0.25459885597229004,2.6254193782806396
CASE-54-2021-10-31-04:11:24,0.26137611269950867,0.20419371128082275,0.7305150032043457,-0.25868701934814453,2.6254076957702637
CASE-55-2021-10-31-04:11:24,0.2613556981086731,0.17894034087657928,0.7305408716201782,-0.2621307373046875,2.625396251678467
CASE-56-2021-10-31-04:11:24,0.2613378167152405,0.15755918622016907,0.7305670976638794,-0.2650277614593506,2.625387191772461
CASE-57-2021-10-31-04:11:24,0.2613220512866974,0.139449343085289,0.7305936217308044,-0.26746368408203125,2.625377655029297
CASE-58-2021-10-31-04:11:24,0.26130810379981995,0.12412261962890625,0.7306203842163086,-0.26950716972351074,2.625368356704712
CASE-59-2021-10-31-04:11:24,0.26129570603370667,0.111158587038517,0.7306473255157471,-0.27121734619140625,2.6253600120544434
CASE-60-2021-10-31-04:11:24,0.26128458976745605,0.10017269104719162,0.7306744456291199,-0.27264857292175293,2.6253511905670166
CASE-61-2021-10-31-04:11:24,0.2612745761871338,0.09085800498723984,0.7307016849517822,-0.27384400367736816,2.625343084335327
CASE-62-2021-10-31-04:11:24,0.26126548647880554,0.08297345787286758,0.7307290434837341,-0.2748379707336426,2.6253347396850586
CASE-63-2021-10-31-04:11:24,0.26125720143318176,0.0763154998421669,0.7307565212249756,-0.27565860748291016,2.625326156616211
CASE-64-2021-10-31-04:11:24,0.2612495720386505,0.07065992802381516,0.7307840585708618,-0.2763383388519287,2.6253182888031006
CASE-65-2021-10-31-04:11:24,0.26124250888824463,0.06587016582489014,0.7308117151260376,-0.27689576148986816,2.625309944152832
CASE-66-2021-10-31-04:11:24,0.26123592257499695,0.06183901056647301,0.7308394312858582,-0.277346134185791,2.6253013610839844
CASE-67-2021-10-31-04:11:24,0.2612297534942627,0.05841203033924103,0.7308671474456787,-0.2777118682861328,2.625293493270874
CASE-68-2021-10-31-04:11:24,0.2612239122390747,0.05549929291009903,0.730894923210144,-0.27800416946411133,2.6252856254577637
CASE-69-2021-10-31-04:11:24,0.2612183690071106,0.05304093658924103,0.7309226989746094,-0.27823328971862793,2.625277280807495
CASE-70-2021-10-31-04:11:24,0.2612130641937256,0.05095095932483673,0.7309505343437195,-0.2784101963043213,2.6252691745758057
CASE-71-2021-10-31-04:11:24,0.2612079679965973,0.049164652824401855,0.7309783697128296,-0.27854394912719727,2.6252615451812744
CASE-72-2021-10-31-04:11:24,0.2612030506134033,0.04765751585364342,0.7310062050819397,-0.2786386013031006,2.6252541542053223
CASE-73-2021-10-31-04:11:24,0.2611982822418213,0.04637610912322998,0.7310340404510498,-0.2787020206451416,2.625246286392212
CASE-74-2021-10-31-04:11:24,0.2611936330795288,0.045283153653144836,0.7310619354248047,-0.27873826026916504,2.6252379417419434
CASE-75-2021-10-31-04:11:24,0.2611891031265259,0.04437897354364395,0.7310898303985596,-0.2787480354309082,2.625230312347412
CASE-76-2021-10-31-04:11:24,0.2611846625804901,0.04360072687268257,0.7311177253723145,-0.27874040603637695,2.6252219676971436
CASE-77-2021-10-31-04:11:24,0.2611803114414215,0.04295787960290909,0.7311456203460693,-0.2787129878997803,2.6252148151397705
CASE-78-2021-10-31-04:11:24,0.2611760199069977,0.04239979013800621,0.7311735153198242,-0.2786743640899658,2.6252059936523438
CASE-79-2021-10-31-04:11:24,0.26117178797721863,0.041938066482543945,0.7312014102935791,-0.2786216735839844,2.6251981258392334
CASE-80-2021-10-31-04:11:24,0.26116758584976196,0.041506268084049225,0.7312292456626892,-0.2785656452178955,2.625190258026123
CASE-81-2021-10-31-04:11:24,0.2611634433269501,0.04115486145019531,0.7312570810317993,-0.27849745750427246,2.6251816749572754
CASE-82-2021-10-31-04:11:24,0.26115933060646057,0.04086199030280113,0.7312849164009094,-0.27842187881469727,2.6251742839813232
CASE-83-2021-10-31-04:11:24,0.26115524768829346,0.040610648691654205,0.7313127517700195,-0.27833986282348633,2.625166177749634
CASE-84-2021-10-31-04:11:24,0.26115119457244873,0.040410686284303665,0.7313405871391296,-0.27825117111206055,2.6251583099365234
CASE-85-2021-10-31-04:11:24,0.261147141456604,0.040198683738708496,0.7313684225082397,-0.27816343307495117,2.625150680541992
CASE-86-2021-10-31-04:11:24,0.26114311814308167,0.040030933916568756,0.7313962578773499,-0.27806997299194336,2.6251423358917236
CASE-87-2021-10-31-04:11:24,0.2611391246318817,0.039919689297676086,0.73142409324646,-0.2779684066772461,2.6251347064971924
CASE-88-2021-10-31-04:11:24,0.26113513112068176,0.03978128731250763,0.7314518690109253,-0.27787089347839355,2.625126600265503
CASE-89-2021-10-31-04:11:24,0.2611311674118042,0.03970189392566681,0.7314796447753906,-0.27776527404785156,2.6251189708709717
CASE-90-2021-10-31-04:11:24,0.26112720370292664,0.039620593190193176,0.731507420539856,-0.2776601314544678,2.6251111030578613
CASE-91-2021-10-31-04:11:24,0.2611232399940491,0.039533451199531555,0.7315351963043213,-0.2775552272796631,2.625103235244751
CASE-92-2021-10-31-04:11:24,0.2611192762851715,0.03945203125476837,0.7315629720687866,-0.2774500846862793,2.6250953674316406
CASE-93-2021-10-31-04:11:24,0.26111534237861633,0.03940947353839874,0.7315906882286072,-0.2773396968841553,2.6250874996185303
CASE-94-2021-10-31-04:11:24,0.26111140847206116,0.039352014660835266,0.7316184043884277,-0.27723073959350586,2.62507963180542
CASE-95-2021-10-31-04:11:24,0.261107474565506,0.039283111691474915,0.7316461205482483,-0.27712321281433105,2.6250710487365723
CASE-96-2021-10-31-04:11:24,0.2611035406589508,0.03923673927783966,0.7316738367080688,-0.27701354026794434,2.625063896179199
CASE-97-2021-10-31-04:11:24,0.26109960675239563,0.03918977081775665,0.7317015528678894,-0.2769031524658203,2.6250557899475098
CASE-98-2021-10-31-04:11:24,0.26109570264816284,0.039173223078250885,0.73172926902771,-0.27678918838500977,2.6250483989715576
CASE-99-2021-10-31-04:11:24,0.26109179854393005,0.03915286064147949,0.7317569255828857,-0.2766754627227783,2.625040292739868
CASE-100-2021-10-31-04:11:24,0.26108789443969727,0.03913474082946777,0.7317845821380615,-0.2765617370605469,2.625032663345337
CASE-101-2021-10-31-04:11:24,0.2610839903354645,0.03912317752838135,0.7318122386932373,-0.2764472961425781,2.6250247955322266
CASE-102-2021-10-31-04:11:24,0.2610800862312317,0.03909673914313316,0.7318398952484131,-0.276334285736084,2.625016927719116
CASE-103-2021-10-31-04:11:24,0.2610761821269989,0.039064932614564896,0.7318675518035889,-0.27622246742248535,2.6250088214874268
CASE-104-2021-10-31-04:11:24,0.2610722780227661,0.039043355733156204,0.7318951487541199,-0.2761092185974121,2.6250011920928955
CASE-105-2021-10-31-04:11:24,0.2610683739185333,0.03901271894574165,0.7319227457046509,-0.2759976387023926,2.6249938011169434
CASE-106-2021-10-31-04:11:24,0.26106446981430054,0.038962531834840775,0.7319503426551819,-0.27588796615600586,2.624985694885254
CASE-107-2021-10-31-04:11:24,0.26106056571006775,0.03892951086163521,0.7319779396057129,-0.27577662467956543,2.624978542327881
CASE-108-2021-10-31-04:11:24,0.26105666160583496,0.03890411928296089,0.7320055365562439,-0.2756640911102295,2.6249709129333496
CASE-109-2021-10-31-04:11:24,0.2610527575016022,0.038851168006658554,0.7320330739021301,-0.2755553722381592,2.624962568283081
CASE-110-2021-10-31-04:11:24,0.2610488831996918,0.038860466331243515,0.7320606112480164,-0.2754387855529785,2.62495493888855
CASE-111-2021-10-31-04:11:24,0.26104500889778137,0.038854409009218216,0.7320881485939026,-0.27532315254211426,2.6249470710754395
CASE-112-2021-10-31-04:11:24,0.26104113459587097,0.038865018635988235,0.7321156859397888,-0.2752065658569336,2.6249396800994873
CASE-113-2021-10-31-04:11:24,0.26103726029396057,0.0388520248234272,0.732143223285675,-0.27509188652038574,2.624932050704956
CASE-114-2021-10-31-04:11:24,0.26103338599205017,0.03885297849774361,0.7321707606315613,-0.2749760150909424,2.6249237060546875
CASE-115-2021-10-31-04:11:24,0.26102951169013977,0.03884594514966011,0.7321982383728027,-0.27486133575439453,2.6249165534973145
CASE-116-2021-10-31-04:11:24,0.26102563738822937,0.0388219840824604,0.7322257161140442,-0.2747490406036377,2.6249091625213623
CASE-117-2021-10-31-04:11:24,0.26102176308631897,0.038823891431093216,0.7322531938552856,-0.27463340759277344,2.6249008178710938
CASE-118-2021-10-31-04:11:24,0.26101788878440857,0.03880884870886803,0.7322806715965271,-0.2745199203491211,2.6248929500579834
CASE-119-2021-10-31-04:11:24,0.26101401448249817,0.03878345713019371,0.7323081493377686,-0.27440738677978516,2.6248860359191895
CASE-120-2021-10-31-04:11:24,0.26101014018058777,0.03875875473022461,0.7323355674743652,-0.2742958068847656,2.6248779296875
CASE-121-2021-10-31-04:11:24,0.26100626587867737,0.038733601570129395,0.7323629856109619,-0.2741837501525879,2.6248700618743896
CASE-122-2021-10-31-04:11:24,0.26100239157676697,0.03869958221912384,0.7323904037475586,-0.27407288551330566,2.6248624324798584
CASE-123-2021-10-31-04:11:24,0.26099851727485657,0.03867526352405548,0.7324178218841553,-0.27396130561828613,2.6248550415039062
CASE-124-2021-10-31-04:11:24,0.26099464297294617,0.03865532949566841,0.732445240020752,-0.2738485336303711,2.624847412109375
CASE-125-2021-10-31-04:11:24,0.26099076867103577,0.038610126823186874,0.7324725985527039,-0.2737395763397217,2.6248397827148438
CASE-126-2021-10-31-04:11:24,0.26098689436912537,0.038571931421756744,0.7324999570846558,-0.27363014221191406,2.6248319149017334
CASE-127-2021-10-31-04:11:24,0.26098304986953735,0.038575150072574615,0.7325273156166077,-0.2735142707824707,2.6248245239257812
CASE-128-2021-10-31-04:11:24,0.26097920536994934,0.03858635574579239,0.7325546741485596,-0.27339768409729004,2.624817371368408
CASE-129-2021-10-31-04:11:24,0.26097536087036133,0.038593508303165436,0.7325820326805115,-0.2732813358306885,2.6248090267181396
CASE-130-2021-10-31-04:11:24,0.2609715163707733,0.0385848768055439,0.7326093316078186,-0.27316784858703613,2.6248016357421875
CASE-131-2021-10-31-04:11:24,0.2609676718711853,0.03858153894543648,0.7326366305351257,-0.2730534076690674,2.6247940063476562
CASE-132-2021-10-31-04:11:24,0.2609638273715973,0.03856384754180908,0.7326639294624329,-0.27294111251831055,2.624785900115967
CASE-133-2021-10-31-04:11:24,0.2609599828720093,0.03857111930847168,0.73269122838974,-0.2728250026702881,2.624778985977173
CASE-134-2021-10-31-04:11:24,0.26095613837242126,0.0385558158159256,0.7327185273170471,-0.27271223068237305,2.6247713565826416
CASE-135-2021-10-31-04:11:24,0.26095229387283325,0.038553908467292786,0.7327458262443542,-0.2725977897644043,2.624763011932373
CASE-136-2021-10-31-04:11:24,0.26094844937324524,0.038535263389348984,0.7327730655670166,-0.27248573303222656,2.624755620956421
CASE-137-2021-10-31-04:11:24,0.2609446048736572,0.038506485521793365,0.732800304889679,-0.27237462997436523,2.6247477531433105
CASE-138-2021-10-31-04:11:24,0.2609407603740692,0.03850074112415314,0.7328275442123413,-0.2722611427307129,2.6247410774230957
CASE-139-2021-10-31-04:11:24,0.2609369158744812,0.03847985342144966,0.7328547835350037,-0.27215003967285156,2.6247329711914062
CASE-140-2021-10-31-04:11:24,0.2609330713748932,0.038457393646240234,0.732882022857666,-0.27203822135925293,2.624725818634033
CASE-141-2021-10-31-04:11:24,0.2609292268753052,0.03842194378376007,0.7329092025756836,-0.2719287872314453,2.624718189239502
CASE-142-2021-10-31-04:11:24,0.26092538237571716,0.038393761962652206,0.7329363822937012,-0.2718179225921631,2.6247103214263916
CASE-143-2021-10-31-04:11:24,0.26092153787612915,0.038356877863407135,0.7329635620117188,-0.27170872688293457,2.6247026920318604
CASE-144-2021-10-31-04:11:24,0.26091769337654114,0.03832213953137398,0.7329907417297363,-0.27159929275512695,2.624695301055908
CASE-145-2021-10-31-04:11:24,0.2609138488769531,0.038297295570373535,0.7330179214477539,-0.27148890495300293,2.624688148498535
CASE-146-2021-10-31-04:11:24,0.2609100043773651,0.038256123661994934,0.7330450415611267,-0.2713801860809326,2.6246800422668457
CASE-147-2021-10-31-04:11:24,0.2609061896800995,0.03826000913977623,0.7330721616744995,-0.27126574516296387,2.6246731281280518
CASE-148-2021-10-31-04:11:24,0.26090237498283386,0.03824601322412491,0.7330992817878723,-0.27115321159362793,2.6246659755706787
CASE-149-2021-10-31-04:11:24,0.26089856028556824,0.03824286535382271,0.7331264019012451,-0.2710397243499756,2.6246581077575684
CASE-150-2021-10-31-04:11:24,0.2608947455883026,0.03825512155890465,0.7331535220146179,-0.27092409133911133,2.624650478363037
CASE-151-2021-10-31-04:11:24,0.260890930891037,0.03825066238641739,0.7331806421279907,-0.2708103656768799,2.624643087387085
CASE-152-2021-10-31-04:11:24,0.26088711619377136,0.03824262693524361,0.7332077026367188,-0.27069759368896484,2.6246352195739746
CASE-153-2021-10-31-04:11:24,0.26088330149650574,0.0382390022277832,0.7332347631454468,-0.2705843448638916,2.6246283054351807
CASE-154-2021-10-31-04:11:24,0.2608794867992401,0.038218189030885696,0.7332618236541748,-0.2704732418060303,2.6246206760406494
CASE-155-2021-10-31-04:11:24,0.2608756721019745,0.038216233253479004,0.7332888841629028,-0.27035999298095703,2.624613046646118
CASE-156-2021-10-31-04:11:24,0.26087185740470886,0.03818662464618683,0.7333159446716309,-0.2702498435974121,2.624605178833008
CASE-157-2021-10-31-04:11:24,0.26086804270744324,0.03817274793982506,0.7333429455757141,-0.2701380252838135,2.624598264694214
CASE-158-2021-10-31-04:11:24,0.2608642280101776,0.038144782185554504,0.7333699464797974,-0.27002859115600586,2.6245908737182617
CASE-159-2021-10-31-04:11:24,0.260860413312912,0.038120269775390625,0.7333969473838806,-0.26991820335388184,2.6245830059051514
CASE-160-2021-10-31-04:11:24,0.26085659861564636,0.03809256851673126,0.7334239482879639,-0.269808292388916,2.6245760917663574
CASE-161-2021-10-31-04:11:24,0.26085278391838074,0.03805897384881973,0.7334509491920471,-0.2696995735168457,2.624568223953247
CASE-162-2021-10-31-04:11:24,0.2608489692211151,0.03802602365612984,0.7334778904914856,-0.2695903778076172,2.6245615482330322
CASE-163-2021-10-31-04:11:24,0.2608451545238495,0.037990763783454895,0.7335048317909241,-0.2694823741912842,2.624553918838501
CASE-164-2021-10-31-04:11:24,0.26084136962890625,0.0379888080060482,0.7335317730903625,-0.26936912536621094,2.6245460510253906
CASE-165-2021-10-31-04:11:24,0.260837584733963,0.037995077669620514,0.733558714389801,-0.2692544460296631,2.6245386600494385
CASE-166-2021-10-31-04:11:24,0.2608337998390198,0.03800823912024498,0.7335856556892395,-0.26913952827453613,2.6245317459106445
CASE-167-2021-10-31-04:11:24,0.26082998514175415,0.03797216713428497,0.733612596988678,-0.269031286239624,2.6245243549346924
CASE-168-2021-10-31-04:11:24,0.2608262002468109,0.03796589374542236,0.7336394786834717,-0.2689194679260254,2.624516487121582
CASE-169-2021-10-31-04:11:24,0.2608224153518677,0.037961769849061966,0.7336663603782654,-0.26880645751953125,2.624509811401367
CASE-170-2021-10-31-04:11:24,0.26081863045692444,0.03795824199914932,0.7336932420730591,-0.2686941623687744,2.624502182006836
CASE-171-2021-10-31-04:11:24,0.2608148455619812,0.037943627685308456,0.7337201237678528,-0.268582820892334,2.624494791030884
CASE-172-2021-10-31-04:11:24,0.26081106066703796,0.03795023262500763,0.7337470054626465,-0.26846885681152344,2.6244876384735107
CASE-173-2021-10-31-04:11:24,0.2608072757720947,0.03793990612030029,0.7337738275527954,-0.2683572769165039,2.6244795322418213
CASE-174-2021-10-31-04:11:24,0.2608034908771515,0.03791418299078941,0.7338006496429443,-0.2682480812072754,2.6244723796844482
CASE-175-2021-10-31-04:11:24,0.26079970598220825,0.03789062798023224,0.7338274717330933,-0.2681386470794678,2.6244657039642334
CASE-176-2021-10-31-04:11:24,0.260795921087265,0.0378803014755249,0.7338542938232422,-0.26802682876586914,2.624457836151123
CASE-177-2021-10-31-04:11:24,0.2607921361923218,0.03785267099738121,0.7338811159133911,-0.26791810989379883,2.62445068359375
CASE-178-2021-10-31-04:11:24,0.26078835129737854,0.03783683851361275,0.7339078783988953,-0.2678077220916748,2.6244428157806396
CASE-179-2021-10-31-04:11:24,0.2607845664024353,0.037789538502693176,0.7339346408843994,-0.2677016258239746,2.6244359016418457
CASE-180-2021-10-31-04:11:24,0.26078078150749207,0.03776750713586807,0.7339614033699036,-0.267592191696167,2.6244287490844727
CASE-181-2021-10-31-04:11:24,0.26077699661254883,0.037727952003479004,0.7339881658554077,-0.2674849033355713,2.6244208812713623
CASE-182-2021-10-31-04:11:24,0.2607732117176056,0.03770115599036217,0.7340149283409119,-0.267376184463501,2.6244139671325684
CASE-183-2021-10-31-04:11:24,0.26076942682266235,0.037674833089113235,0.734041690826416,-0.26726722717285156,2.624406576156616
CASE-184-2021-10-31-04:11:24,0.2607656717300415,0.03767130523920059,0.7340683937072754,-0.26715517044067383,2.624398946762085
CASE-185-2021-10-31-04:11:24,0.26076191663742065,0.03767240047454834,0.7340950965881348,-0.2670426368713379,2.624391794204712
CASE-186-2021-10-31-04:11:24,0.2607581615447998,0.03767745569348335,0.7341217994689941,-0.26692938804626465,2.624384880065918
CASE-187-2021-10-31-04:11:24,0.26075440645217896,0.037676528096199036,0.7341485023498535,-0.2668170928955078,2.624377965927124
CASE-188-2021-10-31-04:11:24,0.2607506513595581,0.037676550447940826,0.7341752052307129,-0.266704797744751,2.624370574951172
CASE-189-2021-10-31-04:11:24,0.26074689626693726,0.03767240047454834,0.7342018485069275,-0.26659345626831055,2.6243629455566406
CASE-190-2021-10-31-04:11:24,0.2607431411743164,0.037660982459783554,0.7342284917831421,-0.2664828300476074,2.6243560314178467
CASE-191-2021-10-31-04:11:24,0.26073938608169556,0.0376461036503315,0.7342551350593567,-0.2663726806640625,2.6243488788604736
CASE-192-2021-10-31-04:11:24,0.2607356309890747,0.037642911076545715,0.7342817783355713,-0.26626133918762207,2.6243414878845215
CASE-193-2021-10-31-04:11:24,0.26073187589645386,0.03763625770807266,0.7343084216117859,-0.26614999771118164,2.6243345737457275
CASE-194-2021-10-31-04:11:24,0.260728120803833,0.03762662410736084,0.7343350648880005,-0.2660396099090576,2.624326467514038
CASE-195-2021-10-31-04:11:24,0.26072436571121216,0.03759799152612686,0.7343616485595703,-0.2659316062927246,2.6243200302124023
CASE-196-2021-10-31-04:11:24,0.2607206106185913,0.03757190704345703,0.7343882322311401,-0.2658231258392334,2.6243128776550293
CASE-197-2021-10-31-04:11:24,0.26071685552597046,0.03755321726202965,0.73441481590271,-0.2657139301300049,2.624305009841919
CASE-198-2021-10-31-04:11:24,0.2607131004333496,0.037529971450567245,0.7344413995742798,-0.26560521125793457,2.624298095703125
CASE-199-2021-10-31-04:11:24,0.26070934534072876,0.03749969229102135,0.7344679832458496,-0.26549768447875977,2.624290943145752
CASE-200-2021-10-31-04:11:24,0.2607055902481079,0.03746214136481285,0.7344945073127747,-0.26539134979248047,2.6242835521698
CASE-201-2021-10-31-04:11:24,0.26070183515548706,0.03742852434515953,0.7345210313796997,-0.26528453826904297,2.6242763996124268
CASE-202-2021-10-31-04:11:24,0.2606980800628662,0.03739511966705322,0.7345475554466248,-0.26517772674560547,2.6242692470550537
CASE-203-2021-10-31-04:11:24,0.26069435477256775,0.03739943727850914,0.7345740795135498,-0.26506519317626953,2.6242618560791016
CASE-204-2021-10-31-04:11:24,0.2606906294822693,0.03740685060620308,0.7346006035804749,-0.2649524211883545,2.6242544651031494
CASE-205-2021-10-31-04:11:24,0.26068687438964844,0.037380266934633255,0.7346271276473999,-0.2648448944091797,2.6242482662200928
CASE-206-2021-10-31-04:11:24,0.26068314909935,0.037366677075624466,0.7346535921096802,-0.26473474502563477,2.6242403984069824
CASE-207-2021-10-31-04:11:24,0.2606794238090515,0.037355948239564896,0.7346800565719604,-0.26462483406066895,2.6242330074310303
CASE-208-2021-10-31-04:11:24,0.26067569851875305,0.037363458424806595,0.7347065210342407,-0.2645127773284912,2.6242265701293945
CASE-209-2021-10-31-04:11:24,0.2606719732284546,0.03735537827014923,0.734732985496521,-0.2644021511077881,2.6242191791534424
CASE-210-2021-10-31-04:11:24,0.26066824793815613,0.03735535219311714,0.7347594499588013,-0.26429128646850586,2.6242122650146484
CASE-211-2021-10-31-04:11:24,0.26066452264785767,0.03732888773083687,0.7347858548164368,-0.26418304443359375,2.6242048740386963
CASE-212-2021-10-31-04:11:24,0.2606607973575592,0.037319350987672806,0.7348122596740723,-0.26407384872436523,2.6241981983184814
CASE-213-2021-10-31-04:11:24,0.26065707206726074,0.03730454668402672,0.7348386645317078,-0.263965368270874,2.62419056892395
CASE-214-2021-10-31-04:11:24,0.2606533467769623,0.03728606924414635,0.7348650693893433,-0.2638561725616455,2.6241836547851562
CASE-215-2021-10-31-04:11:24,0.2606496214866638,0.037265922874212265,0.7348914742469788,-0.2637479305267334,2.624176502227783
CASE-216-2021-10-31-04:11:24,0.26064589619636536,0.0372387170791626,0.7349178194999695,-0.2636408805847168,2.624168872833252
CASE-217-2021-10-31-04:11:24,0.2606421709060669,0.03719661384820938,0.7349441647529602,-0.2635354995727539,2.6241626739501953
CASE-218-2021-10-31-04:11:24,0.26063844561576843,0.037192896008491516,0.7349705100059509,-0.2634255886077881,2.6241555213928223
CASE-219-2021-10-31-04:11:24,0.26063472032546997,0.03714423254132271,0.7349968552589417,-0.2633216381072998,2.62414813041687
CASE-220-2021-10-31-04:11:24,0.2606309950351715,0.03712895140051842,0.7350232005119324,-0.2632129192352295,2.624140977859497
CASE-221-2021-10-31-04:11:24,0.26062726974487305,0.037085890769958496,0.7350495457649231,-0.2631080150604248,2.624134063720703
CASE-222-2021-10-31-04:11:24,0.260623574256897,0.03709159046411514,0.735075831413269,-0.2629964351654053,2.624127149581909
CASE-223-2021-10-31-04:11:24,0.2606198787689209,0.03710601478815079,0.735102117061615,-0.26288437843322754,2.624119997024536
CASE-224-2021-10-31-04:11:24,0.26061615347862244,0.03705554082989693,0.7351284027099609,-0.26278090476989746,2.624112844467163
CASE-225-2021-10-31-04:11:24,0.26061245799064636,0.03706054762005806,0.7351546883583069,-0.26266908645629883,2.62410569190979
CASE-226-2021-10-31-04:11:24,0.2606087625026703,0.03705720975995064,0.7351809740066528,-0.2625586986541748,2.624098777770996
CASE-227-2021-10-31-04:11:24,0.2606050670146942,0.03707161173224449,0.7352072596549988,-0.26244640350341797,2.6240921020507812
CASE-228-2021-10-31-04:11:24,0.26060137152671814,0.03705728054046631,0.7352334856987,-0.26233816146850586,2.6240851879119873
CASE-229-2021-10-31-04:11:24,0.26059767603874207,0.03705022484064102,0.7352597117424011,-0.26222872734069824,2.624077558517456
CASE-230-2021-10-31-04:11:24,0.260593980550766,0.03704221546649933,0.7352859377861023,-0.2621195316314697,2.624070167541504
CASE-231-2021-10-31-04:11:24,0.2605902850627899,0.037029314786195755,0.7353121638298035,-0.2620103359222412,2.6240644454956055
CASE-232-2021-10-31-04:11:24,0.26058658957481384,0.03701784834265709,0.7353383898735046,-0.2619020938873291,2.6240570545196533
CASE-233-2021-10-31-04:11:24,0.26058289408683777,0.036989547312259674,0.735364556312561,-0.2617957592010498,2.6240501403808594
CASE-234-2021-10-31-04:11:24,0.2605791985988617,0.03696255758404732,0.7353907227516174,-0.2616891860961914,2.6240427494049072
CASE-235-2021-10-31-04:11:24,0.2605755031108856,0.0369434617459774,0.7354168891906738,-0.2615818977355957,2.624035120010376
CASE-236-2021-10-31-04:11:24,0.26057180762290955,0.03693244606256485,0.7354430556297302,-0.2614736557006836,2.6240293979644775
CASE-237-2021-10-31-04:11:24,0.26056811213493347,0.03691105917096138,0.7354692220687866,-0.2613661289215088,2.6240222454071045
CASE-238-2021-10-31-04:11:24,0.2605644166469574,0.03686430677771568,0.7354953289031982,-0.2612628936767578,2.6240158081054688
CASE-239-2021-10-31-04:11:24,0.2605607211589813,0.03683848679065704,0.7355214357376099,-0.2611567974090576,2.6240081787109375
CASE-240-2021-10-31-04:11:24,0.26055702567100525,0.03680780157446861,0.7355475425720215,-0.2610509395599365,2.6240010261535645
CASE-241-2021-10-31-04:11:24,0.2605533301830292,0.03675983101129532,0.7355736494064331,-0.26094746589660645,2.6239941120147705
CASE-242-2021-10-31-04:11:24,0.2605496644973755,0.03678138554096222,0.7355997562408447,-0.2608349323272705,2.6239867210388184
CASE-243-2021-10-31-04:11:24,0.2605459988117218,0.03679494932293892,0.7356258630752563,-0.2607235908508301,2.6239802837371826
CASE-244-2021-10-31-04:11:24,0.2605423331260681,0.03678593784570694,0.7356519103050232,-0.26061558723449707,2.6239731311798096
CASE-245-2021-10-31-04:11:24,0.26053866744041443,0.036780670285224915,0.73567795753479,-0.26050591468811035,2.6239662170410156
CASE-246-2021-10-31-04:11:24,0.26053500175476074,0.03678157553076744,0.7357040047645569,-0.26039600372314453,2.6239593029022217
CASE-247-2021-10-31-04:11:24,0.26053133606910706,0.036771275103092194,0.7357300519943237,-0.2602877616882324,2.623952627182007
CASE-248-2021-10-31-04:11:24,0.26052767038345337,0.0367773063480854,0.7357560992240906,-0.2601778507232666,2.623945474624634
CASE-249-2021-10-31-04:11:24,0.2605240046977997,0.03677248954772949,0.7357821464538574,-0.2600686550140381,2.62393856048584
CASE-250-2021-10-31-04:11:24,0.260520339012146,0.036751702427864075,0.7358081340789795,-0.2599623203277588,2.623931646347046
CASE-251-2021-10-31-04:11:24,0.2605166733264923,0.03674295172095299,0.7358341217041016,-0.2598540782928467,2.623924493789673
CASE-252-2021-10-31-04:11:24,0.2605130076408386,0.03672201931476593,0.7358601093292236,-0.2597475051879883,2.623918056488037
CASE-253-2021-10-31-04:11:24,0.26050934195518494,0.03671469911932945,0.7358860969543457,-0.25963926315307617,2.623910903930664
CASE-254-2021-10-31-04:11:24,0.26050567626953125,0.03670487552881241,0.7359120845794678,-0.25953125953674316,2.623904228210449
CASE-255-2021-10-31-04:11:24,0.26050201058387756,0.03667261824011803,0.7359380125999451,-0.2594273090362549,2.6238973140716553
CASE-256-2021-10-31-04:11:24,0.2604983448982239,0.03663189709186554,0.7359639406204224,-0.2593231201171875,2.6238903999328613
CASE-257-2021-10-31-04:11:24,0.2604946792125702,0.03661191463470459,0.7359898686408997,-0.2592170238494873,2.6238842010498047
CASE-258-2021-10-31-04:11:24,0.2604910135269165,0.036585140973329544,0.736015796661377,-0.2591116428375244,2.6238768100738525
CASE-259-2021-10-31-04:11:24,0.2604873478412628,0.03656146675348282,0.7360417246818542,-0.2590062618255615,2.6238698959350586
CASE-260-2021-10-31-04:11:24,0.26048368215560913,0.03652350977063179,0.7360676527023315,-0.25890207290649414,2.6238632202148438
CASE-261-2021-10-31-04:11:24,0.26048001646995544,0.036487892270088196,0.7360935211181641,-0.25879812240600586,2.62385630607605
CASE-262-2021-10-31-04:11:24,0.26047638058662415,0.0364934466779232,0.7361193895339966,-0.25868892669677734,2.623849630355835
CASE-263-2021-10-31-04:11:24,0.26047274470329285,0.03649721294641495,0.7361452579498291,-0.2585790157318115,2.623842716217041
CASE-264-2021-10-31-04:11:24,0.26046910881996155,0.03650989755988121,0.7361711263656616,-0.2584688663482666,2.623836040496826
CASE-265-2021-10-31-04:11:24,0.26046544313430786,0.0364658385515213,0.7361969947814941,-0.2583658695220947,2.6238293647766113
CASE-266-2021-10-31-04:11:24,0.26046180725097656,0.036446332931518555,0.7362228035926819,-0.25825977325439453,2.623821973800659
CASE-267-2021-10-31-04:11:24,0.26045817136764526,0.03644006326794624,0.7362486124038696,-0.2581517696380615,2.6238150596618652
CASE-268-2021-10-31-04:11:24,0.26045453548431396,0.036437489092350006,0.7362744212150574,-0.2580440044403076,2.6238086223602295
CASE-269-2021-10-31-04:11:24,0.26045089960098267,0.03643181547522545,0.7363002300262451,-0.2579357624053955,2.6238017082214355
CASE-270-2021-10-31-04:11:24,0.26044726371765137,0.03641362488269806,0.7363260388374329,-0.2578299045562744,2.6237947940826416
CASE-271-2021-10-31-04:11:24,0.26044362783432007,0.03641829639673233,0.7363518476486206,-0.257720947265625,2.6237881183624268
CASE-272-2021-10-31-04:11:24,0.26043999195098877,0.03638792037963867,0.7363775968551636,-0.2576167583465576,2.623781442642212
CASE-273-2021-10-31-04:11:24,0.26043635606765747,0.036367226392030716,0.7364033460617065,-0.2575111389160156,2.623775005340576
CASE-274-2021-10-31-04:11:24,0.26043272018432617,0.03634045273065567,0.7364290952682495,-0.25740647315979004,2.6237683296203613
CASE-275-2021-10-31-04:11:24,0.2604290843009949,0.03631722927093506,0.7364548444747925,-0.25730156898498535,2.6237611770629883
CASE-276-2021-10-31-04:11:24,0.2604254484176636,0.036298658698797226,0.7364805936813354,-0.25719594955444336,2.6237540245056152
CASE-277-2021-10-31-04:11:24,0.2604218125343323,0.03628237545490265,0.7365063428878784,-0.25708937644958496,2.6237475872039795
CASE-278-2021-10-31-04:11:24,0.260418176651001,0.03624580055475235,0.7365320324897766,-0.256986141204834,2.6237404346466064
CASE-279-2021-10-31-04:11:24,0.2604145407676697,0.036214590072631836,0.7365577220916748,-0.2568831443786621,2.623734474182129
CASE-280-2021-10-31-04:11:24,0.2604109048843384,0.036190059036016464,0.736583411693573,-0.2567782402038574,2.6237270832061768
CASE-281-2021-10-31-04:11:24,0.26040729880332947,0.036193180829286575,0.7366091012954712,-0.2566695213317871,2.623720645904541
CASE-282-2021-10-31-04:11:24,0.26040369272232056,0.03620634227991104,0.7366347908973694,-0.2565598487854004,2.6237142086029053
CASE-283-2021-10-31-04:11:24,0.26040008664131165,0.036220815032720566,0.7366604208946228,-0.25644993782043457,2.6237072944641113
CASE-284-2021-10-31-04:11:24,0.26039645075798035,0.03616192564368248,0.7366860508918762,-0.2563498020172119,2.6237001419067383
CASE-285-2021-10-31-04:11:24,0.26039284467697144,0.03616910055279732,0.7367116808891296,-0.2562413215637207,2.6236937046051025
CASE-286-2021-10-31-04:11:24,0.2603892385959625,0.036158397793769836,0.7367373108863831,-0.2561349868774414,2.623687267303467
CASE-287-2021-10-31-04:11:24,0.2603856325149536,0.03616476058959961,0.7367629408836365,-0.2560262680053711,2.623680591583252
CASE-288-2021-10-31-04:11:24,0.2603820264339447,0.03615274652838707,0.7367885708808899,-0.2559199333190918,2.623673915863037
CASE-289-2021-10-31-04:11:24,0.2603784203529358,0.036144424229860306,0.7368141412734985,-0.2558135986328125,2.623666524887085
CASE-290-2021-10-31-04:11:24,0.2603748142719269,0.03613154962658882,0.7368397116661072,-0.2557077407836914,2.6236608028411865
CASE-291-2021-10-31-04:11:24,0.26037120819091797,0.036122873425483704,0.7368652820587158,-0.2556016445159912,2.6236541271209717
CASE-292-2021-10-31-04:11:24,0.26036760210990906,0.03609738498926163,0.7368908524513245,-0.2554972171783447,2.6236469745635986
CASE-293-2021-10-31-04:11:24,0.26036399602890015,0.03609273582696915,0.7369164228439331,-0.2553904056549072,2.623640537261963
CASE-294-2021-10-31-04:11:24,0.26036038994789124,0.0360625758767128,0.736941933631897,-0.25528717041015625,2.62363338470459
CASE-295-2021-10-31-04:11:24,0.2603567838668823,0.03604531288146973,0.7369674444198608,-0.25518274307250977,2.623626708984375
CASE-296-2021-10-31-04:11:24,0.2603531777858734,0.03599953651428223,0.7369929552078247,-0.2550811767578125,2.6236205101013184
CASE-297-2021-10-31-04:11:24,0.2603495717048645,0.035984184592962265,0.7370184659957886,-0.2549757957458496,2.6236143112182617
CASE-298-2021-10-31-04:11:24,0.2603459656238556,0.03595402464270592,0.7370439767837524,-0.25487256050109863,2.623607635498047
CASE-299-2021-10-31-04:11:24,0.2603423595428467,0.035926368087530136,0.7370694875717163,-0.25476932525634766,2.623600482940674
CASE-300-2021-10-31-04:11:24,0.26033875346183777,0.03588536009192467,0.7370949387550354,-0.2546675205230713,2.623593807220459
CASE-301-2021-10-31-04:11:24,0.26033517718315125,0.03589644655585289,0.7371203899383545,-0.2545595169067383,2.6235873699188232
CASE-302-2021-10-31-04:11:24,0.2603316009044647,0.03590812906622887,0.7371458411216736,-0.25445127487182617,2.6235809326171875
CASE-303-2021-10-31-04:11:24,0.2603280246257782,0.0358993299305439,0.7371712923049927,-0.25434446334838867,2.6235740184783936
CASE-304-2021-10-31-04:11:24,0.2603244483470917,0.035916518419981,0.7371967434883118,-0.25423502922058105,2.623567819595337
CASE-305-2021-10-31-04:11:24,0.26032084226608276,0.03587811067700386,0.7372221946716309,-0.2541337013244629,2.623561143875122
CASE-306-2021-10-31-04:11:24,0.26031726598739624,0.03587048128247261,0.7372475862503052,-0.2540280818939209,2.6235547065734863
CASE-307-2021-10-31-04:11:24,0.2603136897087097,0.035858798772096634,0.7372729778289795,-0.2539224624633789,2.6235480308532715
CASE-308-2021-10-31-04:11:24,0.2603101134300232,0.035857487469911575,0.7372983694076538,-0.2538158893585205,2.6235415935516357
CASE-309-2021-10-31-04:11:24,0.26030653715133667,0.03584425523877144,0.7373237609863281,-0.2537107467651367,2.623534679412842
CASE-310-2021-10-31-04:11:24,0.26030296087265015,0.035843778401613235,0.7373491525650024,-0.2536036968231201,2.6235287189483643
CASE-311-2021-10-31-04:11:24,0.2602993845939636,0.035822536796331406,0.737374484539032,-0.25350069999694824,2.623521566390991
CASE-312-2021-10-31-04:11:24,0.2602958083152771,0.035802628844976425,0.7373998165130615,-0.25339651107788086,2.6235151290893555
CASE-313-2021-10-31-04:11:24,0.2602922320365906,0.03577401861548424,0.7374251484870911,-0.2532937526702881,2.6235084533691406
CASE-314-2021-10-31-04:11:24,0.26028865575790405,0.035759925842285156,0.7374504804611206,-0.2531893253326416,2.623501777648926
CASE-315-2021-10-31-04:11:24,0.26028507947921753,0.035748936235904694,0.7374758124351501,-0.2530844211578369,2.62349534034729
CASE-316-2021-10-31-04:11:24,0.260281503200531,0.03572223335504532,0.7375011444091797,-0.25298118591308594,2.623488426208496
CASE-317-2021-10-31-04:11:24,0.2602779269218445,0.0356949083507061,0.7375264167785645,-0.25287866592407227,2.6234827041625977
CASE-318-2021-10-31-04:11:24,0.26027435064315796,0.035658884793519974,0.7375516891479492,-0.2527775764465332,2.623476266860962
CASE-319-2021-10-31-04:11:24,0.26027077436447144,0.035627152770757675,0.737576961517334,-0.25267577171325684,2.623469114303589
CASE-320-2021-10-31-04:11:24,0.2602671980857849,0.035591721534729004,0.7376022338867188,-0.25257420539855957,2.6234629154205322
CASE-321-2021-10-31-04:11:24,0.2602636516094208,0.035600900650024414,0.7376275062561035,-0.25246644020080566,2.6234562397003174
CASE-322-2021-10-31-04:11:24,0.26026010513305664,0.03561294078826904,0.7376527786254883,-0.25235843658447266,2.6234498023986816
CASE-323-2021-10-31-04:11:24,0.2602565586566925,0.03561577945947647,0.7376779913902283,-0.25225210189819336,2.623443841934204
CASE-324-2021-10-31-04:11:24,0.260252982378006,0.03558356687426567,0.7377032041549683,-0.2521505355834961,2.6234371662139893
CASE-325-2021-10-31-04:11:24,0.26024943590164185,0.03557293489575386,0.7377284169197083,-0.2520458698272705,2.6234304904937744
CASE-326-2021-10-31-04:11:24,0.2602458894252777,0.03556421026587486,0.7377536296844482,-0.2519404888153076,2.6234235763549805
CASE-327-2021-10-31-04:11:24,0.2602423429489136,0.03558221086859703,0.7377788424491882,-0.2518322467803955,2.623417615890503
CASE-328-2021-10-31-04:11:24,0.26023879647254944,0.035575129091739655,0.7378040552139282,-0.2517271041870117,2.623410940170288
CASE-329-2021-10-31-04:11:24,0.2602352499961853,0.03556940704584122,0.7378292083740234,-0.25162220001220703,2.623403787612915
CASE-330-2021-10-31-04:11:24,0.26023170351982117,0.035553742200136185,0.7378543615341187,-0.25151896476745605,2.6233978271484375
CASE-331-2021-10-31-04:11:24,0.26022815704345703,0.03554120287299156,0.7378795146942139,-0.25141429901123047,2.623391628265381
CASE-332-2021-10-31-04:11:24,0.2602246105670929,0.03553307056427002,0.7379046678543091,-0.2513096332550049,2.623385190963745
CASE-333-2021-10-31-04:11:24,0.26022106409072876,0.03550727292895317,0.7379298210144043,-0.2512075901031494,2.6233785152435303
CASE-334-2021-10-31-04:11:24,0.2602175176143646,0.03548126295208931,0.7379549145698547,-0.25110530853271484,2.6233718395233154
CASE-335-2021-10-31-04:11:24,0.2602139711380005,0.0354609489440918,0.7379800081253052,-0.25100255012512207,2.6233649253845215
CASE-336-2021-10-31-04:11:24,0.26021042466163635,0.03544602543115616,0.7380051016807556,-0.250899076461792,2.623359203338623
CASE-337-2021-10-31-04:11:24,0.2602068781852722,0.03540985658764839,0.738030195236206,-0.25079846382141113,2.6233530044555664
CASE-338-2021-10-31-04:11:24,0.2602033317089081,0.03538501262664795,0.7380552887916565,-0.25069618225097656,2.6233460903167725
CASE-339-2021-10-31-04:11:24,0.26019978523254395,0.03537793084979057,0.7380803823471069,-0.2505922317504883,2.623340606689453
CASE-340-2021-10-31-04:11:24,0.2601962387561798,0.03533067926764488,0.7381054162979126,-0.25049328804016113,2.623333692550659
CASE-341-2021-10-31-04:11:24,0.2601926922798157,0.03529021888971329,0.7381304502487183,-0.2503931522369385,2.6233274936676025
CASE-342-2021-10-31-04:11:24,0.2601891756057739,0.03529326990246773,0.7381554841995239,-0.2502875328063965,2.623321056365967
CASE-343-2021-10-31-04:11:24,0.2601856589317322,0.03529837355017662,0.7381805181503296,-0.2501814365386963,2.623314142227173
CASE-344-2021-10-31-04:11:24,0.26018214225769043,0.03531062602996826,0.7382055521011353,-0.2500743865966797,2.6233086585998535
CASE-345-2021-10-31-04:11:24,0.2601786255836487,0.03531796857714653,0.7382305860519409,-0.2499678134918213,2.6233015060424805
CASE-346-2021-10-31-04:11:24,0.26017507910728455,0.035260915756225586,0.7382555603981018,-0.24987077713012695,2.623296022415161
CASE-347-2021-10-31-04:11:24,0.2601715624332428,0.03525910526514053,0.7382805347442627,-0.24976587295532227,2.623289108276367
CASE-348-2021-10-31-04:11:24,0.26016804575920105,0.03526012971997261,0.7383055090904236,-0.24966096878051758,2.6232826709747314
CASE-349-2021-10-31-04:11:24,0.2601645290851593,0.035246968269348145,0.7383304834365845,-0.2495572566986084,2.623276472091675
CASE-350-2021-10-31-04:11:24,0.26016101241111755,0.035244058817625046,0.7383554577827454,-0.2494525909423828,2.62326979637146
CASE-351-2021-10-31-04:11:24,0.2601574957370758,0.03524627909064293,0.7383804321289062,-0.24934768676757812,2.6232635974884033
CASE-352-2021-10-31-04:11:24,0.26015397906303406,0.035231780260801315,0.7384053468704224,-0.24924492835998535,2.6232573986053467
CASE-353-2021-10-31-04:11:24,0.2601504623889923,0.03519332408905029,0.7384302616119385,-0.2491452693939209,2.62325119972229
CASE-354-2021-10-31-04:11:24,0.26014694571495056,0.035178136080503464,0.7384551763534546,-0.24904251098632812,2.6232452392578125
CASE-355-2021-10-31-04:11:24,0.2601434290409088,0.03517213091254234,0.7384800910949707,-0.24893808364868164,2.6232383251190186
CASE-356-2021-10-31-04:11:24,0.26013991236686707,0.035146187990903854,0.7385050058364868,-0.24883723258972168,2.623231887817383
CASE-357-2021-10-31-04:11:24,0.2601363956928253,0.03512072563171387,0.7385298609733582,-0.24873638153076172,2.623225688934326
CASE-358-2021-10-31-04:11:24,0.26013287901878357,0.03508634492754936,0.7385547161102295,-0.24863648414611816,2.6232192516326904
CASE-359-2021-10-31-04:11:24,0.2601293623447418,0.03504786640405655,0.7385795712471008,-0.2485370635986328,2.6232128143310547
CASE-360-2021-10-31-04:11:24,0.2601258456707001,0.03503160551190376,0.7386044263839722,-0.24843478202819824,2.623206615447998
CASE-361-2021-10-31-04:11:24,0.2601223289966583,0.034996937960386276,0.7386292815208435,-0.2483353614807129,2.6232006549835205
CASE-362-2021-10-31-04:11:24,0.26011884212493896,0.03500428423285484,0.7386541366577148,-0.2482297420501709,2.6231942176818848
CASE-363-2021-10-31-04:11:24,0.2601153552532196,0.03500876575708389,0.7386789321899414,-0.2481245994567871,2.623187303543091
CASE-364-2021-10-31-04:11:24,0.26011186838150024,0.03501584753394127,0.738703727722168,-0.24801898002624512,2.6231813430786133
CASE-365-2021-10-31-04:11:24,0.2601083815097809,0.03500814363360405,0.7387285232543945,-0.24791574478149414,2.6231753826141357
CASE-366-2021-10-31-04:11:24,0.2601048946380615,0.035010602325201035,0.7387533187866211,-0.24781107902526855,2.6231696605682373
CASE-367-2021-10-31-04:11:24,0.26010140776634216,0.035013388842344284,0.7387781143188477,-0.24770593643188477,2.6231627464294434
CASE-368-2021-10-31-04:11:24,0.2600979208946228,0.03500807285308838,0.7388029098510742,-0.2476024627685547,2.623156785964966
CASE-369-2021-10-31-04:11:24,0.26009443402290344,0.035010386258363724,0.738827645778656,-0.2474987506866455,2.6231508255004883
CASE-370-2021-10-31-04:11:24,0.2600909471511841,0.034998394548892975,0.7388523817062378,-0.24739623069763184,2.6231443881988525
CASE-371-2021-10-31-04:11:24,0.2600874602794647,0.03498268127441406,0.7388771176338196,-0.24729394912719727,2.6231377124786377
CASE-372-2021-10-31-04:11:24,0.26008397340774536,0.034970473498106,0.7389018535614014,-0.2471916675567627,2.623131513595581
CASE-373-2021-10-31-04:11:24,0.260080486536026,0.03496525436639786,0.7389265894889832,-0.24708843231201172,2.6231253147125244
CASE-374-2021-10-31-04:11:24,0.26007699966430664,0.03494611009955406,0.7389513254165649,-0.24698662757873535,2.623119354248047
CASE-375-2021-10-31-04:11:24,0.2600735127925873,0.034928273409605026,0.738976001739502,-0.2468855381011963,2.623112678527832
CASE-376-2021-10-31-04:11:24,0.2600700259208679,0.03490171581506729,0.739000678062439,-0.24678516387939453,2.6231069564819336
CASE-377-2021-10-31-04:11:24,0.26006653904914856,0.03487980365753174,0.739025354385376,-0.24668455123901367,2.623100757598877
CASE-378-2021-10-31-04:11:24,0.2600630521774292,0.034856464713811874,0.739050030708313,-0.2465837001800537,2.623094320297241
CASE-379-2021-10-31-04:11:24,0.26005956530570984,0.034833502024412155,0.73907470703125,-0.24648332595825195,2.6230885982513428
CASE-380-2021-10-31-04:11:24,0.2600560784339905,0.034810639917850494,0.739099383354187,-0.2463829517364502,2.623081684112549
CASE-381-2021-10-31-04:11:24,0.2600525915622711,0.03478074073791504,0.7391240000724792,-0.24628353118896484,2.6230762004852295
CASE-382-2021-10-31-04:11:24,0.26004910469055176,0.0347386859357357,0.7391486167907715,-0.2461855411529541,2.6230692863464355
CASE-383-2021-10-31-04:11:24,0.2600456178188324,0.034696128219366074,0.7391732335090637,-0.24608802795410156,2.623063325881958
CASE-384-2021-10-31-04:11:24,0.2600421607494354,0.03470559045672417,0.739197850227356,-0.24598312377929688,2.6230568885803223
CASE-385-2021-10-31-04:11:24,0.26003870368003845,0.034717559814453125,0.7392224669456482,-0.24587798118591309,2.6230509281158447
CASE-386-2021-10-31-04:11:24,0.2600352466106415,0.034728553146123886,0.7392470836639404,-0.2457728385925293,2.623044490814209
CASE-387-2021-10-31-04:11:24,0.2600317597389221,0.03467707708477974,0.7392716407775879,-0.24567651748657227,2.6230390071868896
CASE-388-2021-10-31-04:11:24,0.26002830266952515,0.034667205065488815,0.7392961978912354,-0.2455747127532959,2.623032808303833
CASE-389-2021-10-31-04:11:24,0.2600248456001282,0.03466639667749405,0.7393207550048828,-0.24547100067138672,2.6230263710021973
CASE-390-2021-10-31-04:11:24,0.2600213885307312,0.03466522693634033,0.7393453121185303,-0.24536824226379395,2.623020887374878
CASE-391-2021-10-31-04:11:24,0.26001793146133423,0.034655239433050156,0.7393698692321777,-0.24526572227478027,2.623013734817505
CASE-392-2021-10-31-04:11:24,0.26001447439193726,0.03464310243725777,0.7393943667411804,-0.24516510963439941,2.6230077743530273
CASE-393-2021-10-31-04:11:24,0.2600110173225403,0.034628819674253464,0.7394188642501831,-0.24506378173828125,2.623002052307129
CASE-394-2021-10-31-04:11:24,0.2600075602531433,0.03461248800158501,0.7394433617591858,-0.2449626922607422,2.622995615005493
CASE-395-2021-10-31-04:11:24,0.26000410318374634,0.03459520265460014,0.7394678592681885,-0.24486255645751953,2.6229896545410156
CASE-396-2021-10-31-04:11:24,0.26000064611434937,0.03458867222070694,0.7394923567771912,-0.24476027488708496,2.62298321723938
CASE-397-2021-10-31-04:11:24,0.2599971890449524,0.034562110900878906,0.7395168542861938,-0.2446608543395996,2.6229777336120605
CASE-398-2021-10-31-04:11:24,0.2599937319755554,0.03453326225280762,0.7395412921905518,-0.24456167221069336,2.622971296310425
CASE-399-2021-10-31-04:11:24,0.25999027490615845,0.03449738025665283,0.7395657300949097,-0.24446368217468262,2.6229655742645264
CASE-400-2021-10-31-04:11:24,0.2599868178367615,0.03447079658508301,0.7395901679992676,-0.24436497688293457,2.6229591369628906
CASE-401-2021-10-31-04:11:24,0.2599833607673645,0.03444504737854004,0.7396146059036255,-0.24426555633544922,2.622953176498413
CASE-402-2021-10-31-04:11:24,0.25997990369796753,0.03441810607910156,0.7396390438079834,-0.24416685104370117,2.6229472160339355
CASE-403-2021-10-31-04:11:24,0.25997647643089294,0.03442111238837242,0.7396634817123413,-0.2440629005432129,2.6229405403137207
CASE-404-2021-10-31-04:11:24,0.25997304916381836,0.034438278526067734,0.7396878600120544,-0.2439587116241455,2.622934579849243
CASE-405-2021-10-31-04:11:24,0.2599695920944214,0.034389521926641464,0.7397122383117676,-0.24386262893676758,2.6229288578033447
CASE-406-2021-10-31-04:11:24,0.2599661648273468,0.03438546881079674,0.7397366166114807,-0.2437601089477539,2.622922658920288
CASE-407-2021-10-31-04:11:24,0.2599627375602722,0.03440063074231148,0.7397609949111938,-0.24365568161010742,2.6229166984558105
CASE-408-2021-10-31-04:11:24,0.25995931029319763,0.03440671041607857,0.739785373210907,-0.24355268478393555,2.622910499572754
CASE-409-2021-10-31-04:11:24,0.25995588302612305,0.034403372555971146,0.7398097515106201,-0.24345040321350098,2.6229047775268555
CASE-410-2021-10-31-04:11:24,0.25995245575904846,0.03439290449023247,0.7398340702056885,-0.2433488368988037,2.6228983402252197
CASE-411-2021-10-31-04:11:24,0.2599490284919739,0.034372616559267044,0.7398583889007568,-0.24324965476989746,2.622892379760742
CASE-412-2021-10-31-04:11:24,0.2599456012248993,0.034372974187135696,0.7398827075958252,-0.2431473731994629,2.6228859424591064
CASE-413-2021-10-31-04:11:24,0.2599421739578247,0.0343586690723896,0.7399070262908936,-0.24304723739624023,2.622880697250366
CASE-414-2021-10-31-04:11:24,0.2599387466907501,0.034348417073488235,0.7399313449859619,-0.24294590950012207,2.6228742599487305
CASE-415-2021-10-31-04:11:24,0.25993531942367554,0.03435032442212105,0.7399556636810303,-0.2428431510925293,2.622868537902832
CASE-416-2021-10-31-04:11:24,0.25993189215660095,0.034328486770391464,0.7399799227714539,-0.24274444580078125,2.6228621006011963
CASE-417-2021-10-31-04:11:24,0.25992846488952637,0.03429245948791504,0.7400041818618774,-0.24264764785766602,2.622856378555298
CASE-418-2021-10-31-04:11:24,0.2599250376224518,0.03427255153656006,0.740028440952301,-0.24254775047302246,2.6228504180908203
CASE-419-2021-10-31-04:11:24,0.2599216103553772,0.03425157070159912,0.7400527000427246,-0.24244904518127441,2.6228442192077637
CASE-420-2021-10-31-04:11:24,0.2599181830883026,0.03423497825860977,0.7400769591331482,-0.24234938621520996,2.622837781906128
CASE-421-2021-10-31-04:11:24,0.259914755821228,0.03421373292803764,0.7401012182235718,-0.2422502040863037,2.6228325366973877
CASE-422-2021-10-31-04:11:24,0.25991132855415344,0.034168291836977005,0.7401254177093506,-0.24215459823608398,2.622826337814331
CASE-423-2021-10-31-04:11:24,0.25990790128707886,0.03413894400000572,0.7401496171951294,-0.24205708503723145,2.6228201389312744
CASE-424-2021-10-31-04:11:24,0.2599044740200043,0.03410506248474121,0.7401738166809082,-0.2419600486755371,2.622814655303955
CASE-425-2021-10-31-04:11:24,0.2599010765552521,0.034117795526981354,0.740198016166687,-0.24185657501220703,2.6228084564208984
CASE-426-2021-10-31-04:11:24,0.2598976790904999,0.03412912040948868,0.7402222156524658,-0.24175262451171875,2.622802972793579
CASE-427-2021-10-31-04:11:24,0.2598942518234253,0.03409619256854057,0.7402464151382446,-0.24165582656860352,2.6227967739105225
CASE-428-2021-10-31-04:11:24,0.2598908543586731,0.03408925607800484,0.7402705550193787,-0.24155497550964355,2.622790575027466
CASE-429-2021-10-31-04:11:24,0.2598874568939209,0.034086134284734726,0.7402946949005127,-0.2414541244506836,2.6227846145629883
CASE-430-2021-10-31-04:11:24,0.2598840594291687,0.03407600149512291,0.7403188347816467,-0.24135375022888184,2.6227786540985107
CASE-431-2021-10-31-04:11:24,0.2598806619644165,0.03408777713775635,0.7403429746627808,-0.24125003814697266,2.6227729320526123
CASE-432-2021-10-31-04:11:24,0.2598772644996643,0.03408024460077286,0.7403671145439148,-0.2411496639251709,2.6227667331695557
CASE-433-2021-10-31-04:11:24,0.2598738670349121,0.03407139703631401,0.7403912544250488,-0.24104952812194824,2.62276029586792
CASE-434-2021-10-31-04:11:24,0.2598704695701599,0.03406255319714546,0.7404153347015381,-0.24094939231872559,2.6227545738220215
CASE-435-2021-10-31-04:11:24,0.2598670721054077,0.0340418815612793,0.7404394149780273,-0.24085068702697754,2.622749090194702
CASE-436-2021-10-31-04:11:24,0.2598636746406555,0.03402895852923393,0.7404634952545166,-0.2407512664794922,2.6227433681488037
CASE-437-2021-10-31-04:11:24,0.2598602771759033,0.03400843217968941,0.7404875755310059,-0.24065256118774414,2.622737407684326
CASE-438-2021-10-31-04:11:24,0.2598568797111511,0.03399672731757164,0.7405116558074951,-0.2405531406402588,2.6227314472198486
CASE-439-2021-10-31-04:11:24,0.2598534822463989,0.03398585319519043,0.7405357360839844,-0.24045300483703613,2.622725248336792
CASE-440-2021-10-31-04:11:24,0.25985008478164673,0.03395814821124077,0.7405597567558289,-0.2403562068939209,2.6227192878723145
CASE-441-2021-10-31-04:11:24,0.25984668731689453,0.03392782434821129,0.7405837774276733,-0.24025940895080566,2.622713088989258
CASE-442-2021-10-31-04:11:24,0.25984328985214233,0.03389439731836319,0.7406077980995178,-0.24016284942626953,2.6227078437805176
CASE-443-2021-10-31-04:11:24,0.25983989238739014,0.03387134149670601,0.7406318187713623,-0.240065336227417,2.62270188331604
CASE-444-2021-10-31-04:11:24,0.25983649492263794,0.03384771570563316,0.7406558394432068,-0.23996710777282715,2.6226959228515625
CASE-445-2021-10-31-04:11:24,0.25983309745788574,0.033817242830991745,0.7406798601150513,-0.23987054824829102,2.622690200805664
CASE-446-2021-10-31-04:11:24,0.25982972979545593,0.03381555154919624,0.740703821182251,-0.23976993560791016,2.6226840019226074
CASE-447-2021-10-31-04:11:24,0.2598263621330261,0.033823754638433456,0.7407277822494507,-0.2396678924560547,2.62267804145813
CASE-448-2021-10-31-04:11:24,0.2598229944705963,0.0338347926735878,0.7407517433166504,-0.23956513404846191,2.6226727962493896
CASE-449-2021-10-31-04:11:24,0.2598195970058441,0.03378729894757271,0.7407757043838501,-0.2394709587097168,2.622666835784912
CASE-450-2021-10-31-04:11:24,0.2598162293434143,0.0337902307510376,0.7407996654510498,-0.23936986923217773,2.6226606369018555
CASE-451-2021-10-31-04:11:24,0.2598128616809845,0.03379828855395317,0.7408236265182495,-0.23926806449890137,2.622654676437378
CASE-452-2021-10-31-04:11:24,0.2598094940185547,0.03379087522625923,0.7408475279808044,-0.23916840553283691,2.6226491928100586
CASE-453-2021-10-31-04:11:24,0.2598061263561249,0.0337737575173378,0.7408714294433594,-0.23906993865966797,2.6226437091827393
CASE-454-2021-10-31-04:11:24,0.25980275869369507,0.03376464918255806,0.7408953309059143,-0.23897075653076172,2.6226377487182617
CASE-455-2021-10-31-04:11:24,0.25979939103126526,0.033757805824279785,0.7409192323684692,-0.23887109756469727,2.622631072998047
CASE-456-2021-10-31-04:11:24,0.25979602336883545,0.03375549241900444,0.7409431338310242,-0.2387712001800537,2.6226255893707275
CASE-457-2021-10-31-04:11:24,0.25979265570640564,0.03374352678656578,0.7409670352935791,-0.23867225646972656,2.622619867324829
CASE-458-2021-10-31-04:11:24,0.25978928804397583,0.033713530749082565,0.7409908771514893,-0.23857569694519043,2.6226141452789307
CASE-459-2021-10-31-04:11:24,0.259785920381546,0.03369918093085289,0.7410147190093994,-0.2384777069091797,2.622607946395874
CASE-460-2021-10-31-04:11:24,0.2597825527191162,0.03368396684527397,0.7410385608673096,-0.23837924003601074,2.6226024627685547
CASE-461-2021-10-31-04:11:24,0.2597791850566864,0.03365912660956383,0.7410624027252197,-0.2382824420928955,2.6225969791412354
CASE-462-2021-10-31-04:11:24,0.2597758173942566,0.03364403173327446,0.7410862445831299,-0.23818469047546387,2.622591257095337
CASE-463-2021-10-31-04:11:24,0.2597724497318268,0.033620357513427734,0.74111008644104,-0.23808765411376953,2.6225850582122803
CASE-464-2021-10-31-04:11:24,0.259769082069397,0.03359704092144966,0.7411338686943054,-0.2379910945892334,2.622579574584961
CASE-465-2021-10-31-04:11:24,0.25976571440696716,0.03356669098138809,0.7411576509475708,-0.23789501190185547,2.6225738525390625
CASE-466-2021-10-31-04:11:24,0.25976234674453735,0.03351273760199547,0.7411814332008362,-0.23780202865600586,2.6225674152374268
CASE-467-2021-10-31-04:11:24,0.25975900888442993,0.03353140503168106,0.7412052154541016,-0.23769927024841309,2.6225621700286865
CASE-468-2021-10-31-04:11:24,0.2597556412220001,0.03349902853369713,0.7412289977073669,-0.23760437965393066,2.622556209564209
CASE-469-2021-10-31-04:11:24,0.2597523033618927,0.033501364290714264,0.7412527799606323,-0.2375032901763916,2.6225504875183105
CASE-470-2021-10-31-04:11:24,0.2597489655017853,0.033498670905828476,0.7412765026092529,-0.23740410804748535,2.622544765472412
CASE-471-2021-10-31-04:11:24,0.25974562764167786,0.03350324556231499,0.7413002252578735,-0.2373037338256836,2.6225392818450928
CASE-472-2021-10-31-04:11:24,0.25974228978157043,0.033505916595458984,0.7413239479064941,-0.23720335960388184,2.622533082962036
CASE-473-2021-10-31-04:11:24,0.259738951921463,0.033504653722047806,0.7413476705551147,-0.23710346221923828,2.6225271224975586
CASE-474-2021-10-31-04:11:24,0.2597356140613556,0.033493854105472565,0.7413713932037354,-0.23700547218322754,2.6225218772888184
CASE-475-2021-10-31-04:11:24,0.25973227620124817,0.03350727632641792,0.741395115852356,-0.23690342903137207,2.622516632080078
CASE-476-2021-10-31-04:11:24,0.25972893834114075,0.03348572179675102,0.7414187788963318,-0.23680710792541504,2.6225109100341797
CASE-477-2021-10-31-04:11:24,0.2597256004810333,0.03346872329711914,0.7414424419403076,-0.2367095947265625,2.622504711151123
CASE-478-2021-10-31-04:11:24,0.2597222626209259,0.033448267728090286,0.7414661049842834,-0.23661255836486816,2.6224989891052246
CASE-479-2021-10-31-04:11:24,0.2597189247608185,0.0334307923913002,0.7414897680282593,-0.23651576042175293,2.622493267059326
CASE-480-2021-10-31-04:11:24,0.25971558690071106,0.033431556075811386,0.7415134310722351,-0.23641633987426758,2.622487783432007
CASE-481-2021-10-31-04:11:24,0.25971224904060364,0.033416200429201126,0.7415370941162109,-0.23631906509399414,2.6224820613861084
CASE-482-2021-10-31-04:11:24,0.2597089111804962,0.033383559435606,0.741560697555542,-0.23622393608093262,2.622476100921631
CASE-483-2021-10-31-04:11:24,0.2597055733203888,0.03335082530975342,0.741584300994873,-0.2361292839050293,2.6224706172943115
CASE-484-2021-10-31-04:11:24,0.25970223546028137,0.03333616256713867,0.7416079044342041,-0.23603224754333496,2.622465133666992
CASE-485-2021-10-31-04:11:24,0.25969889760017395,0.033306289464235306,0.7416315078735352,-0.23593688011169434,2.622459650039673
CASE-486-2021-10-31-04:11:24,0.25969555974006653,0.03327889367938042,0.7416551113128662,-0.2358412742614746,2.622452974319458
CASE-487-2021-10-31-04:11:24,0.2596922218799591,0.03325209766626358,0.7416787147521973,-0.23574590682983398,2.6224474906921387
CASE-488-2021-10-31-04:11:24,0.2596888840198517,0.03322162851691246,0.7417023181915283,-0.23565053939819336,2.622441530227661
CASE-489-2021-10-31-04:11:24,0.25968557596206665,0.033242274075746536,0.7417258620262146,-0.235548734664917,2.6224365234375
CASE-490-2021-10-31-04:11:24,0.25968223810195923,0.03320593759417534,0.7417494058609009,-0.23545479774475098,2.6224308013916016
CASE-491-2021-10-31-04:11:24,0.2596789300441742,0.03319428116083145,0.7417729496955872,-0.23535680770874023,2.622424602508545
CASE-492-2021-10-31-04:11:24,0.25967562198638916,0.03320968151092529,0.7417964935302734,-0.23525595664978027,2.6224193572998047
CASE-493-2021-10-31-04:11:24,0.2596723139286041,0.03321652486920357,0.7418200373649597,-0.23515629768371582,2.6224138736724854
CASE-494-2021-10-31-04:11:24,0.2596690058708191,0.03322014957666397,0.741843581199646,-0.23505640029907227,2.622408628463745
CASE-495-2021-10-31-04:11:24,0.25966569781303406,0.03320751339197159,0.7418670654296875,-0.23495936393737793,2.6224026679992676
CASE-496-2021-10-31-04:11:24,0.259662389755249,0.03321578726172447,0.741890549659729,-0.23485970497131348,2.62239670753479
CASE-497-2021-10-31-04:11:24,0.259659081697464,0.03319456800818443,0.7419140338897705,-0.23476386070251465,2.6223912239074707
CASE-498-2021-10-31-04:11:24,0.25965577363967896,0.03318328782916069,0.741937518119812,-0.2346656322479248,2.6223857402801514
CASE-499-2021-10-31-04:11:24,0.2596524655818939,0.03318340703845024,0.7419610023498535,-0.23456716537475586,2.622380018234253
